cc	name	lat	lng
AD	Andorra	42.5078	1.5211
AE	United Arab Emirates	23.8671	54.2025
AF	Afghanistan	33.8362	66.0410
AG	Antigua and Barbuda	17.1210	-61.8433
AI	Anguilla	18.2170	-63.0578
AL	Albania	41.1376	20.0320
AM	Armenia	40.2141	45.0024
AO	Angola	-12.2846	17.4931
AR	Argentina	-34.9048	-64.7768
AS	American Samoa	-14.2781	-170.7025
AT	Austria	47.6097	14.0688
AU	Australia	-25.4787	134.0672
AW	Aruba	12.5240	-70.0270
AX	Aland Islands	60.0973	19.9348
AZ	Azerbaijan	40.2767	47.6802
BA	Bosnia and Herzegovina	44.1777	17.8183
BB	Barbados	13.1073	-59.6202
BD	Bangladesh	23.8375	90.2627
BE	Belgium	50.6501	4.5840
BF	Burkina Faso	12.3109	-1.7778
BG	Bulgaria	42.7489	25.1911
BH	Bahrain	26.2572	50.6119
BI	Burundi	-3.3779	29.9134
BJ	Benin	9.6473	2.3369
BL	Saint Barthelemy	17.8962	-62.8498
BM	Bermuda	32.2949	-64.7830
BN	Brunei	4.6901	114.9145
BO	Bolivia	-16.7203	-64.6167
BQ	Bonaire, Saint Eustatius and Saba 	12.1500	-68.2667
BR	Brazil	-10.7535	-52.9230
BS	Bahamas	24.5066	-77.9141
BT	Bhutan	27.4276	90.4722
BW	Botswana	-22.0927	23.7697
BY	Belarus	53.4867	27.9718
BZ	Belize	17.1966	-88.7009
CA	Canada	57.0257	-99.8057
CC	Cocos Islands	-12.1568	96.8225
CD	Democratic Republic of the Congo	-2.8469	23.5603
CF	Central African Republic	6.5419	20.3701
CG	Republic of the Congo	-0.8374	15.1309
CH	Switzerland	46.7893	8.1172
CI	Ivory Coast	7.5530	-5.6113
CK	Cook Islands	-21.2075	-159.7755
CL	Chile	-36.6760	-71.0215
CM	Cameroon	5.6614	12.6068
CN	China	36.3184	103.3351
CO	Colombia	3.9235	-73.0389
CR	Costa Rica	9.9658	-84.1733
CU	Cuba	21.6307	-78.9497
CV	Cabo Verde	14.9315	-23.5125
CW	Curacao	12.1225	-68.8864
CX	Christmas Island	-10.4217	105.6791
CY	Cyprus	34.9067	33.0398
CZ	Czechia	49.7714	15.3372
DE	Germany	51.0870	10.2782
DJ	Djibouti	11.7730	42.4972
DK	Denmark	56.2121	9.3076
DM	Dominica	15.3017	-61.3881
DO	Dominican Republic	18.8842	-70.4613
DZ	Algeria	28.1330	2.5971
EC	Ecuador	-1.4549	-78.3770
EE	Estonia	58.6386	25.8266
EG	Egypt	26.4885	29.8364
EH	Western Sahara	24.2840	-12.1502
ER	Eritrea	15.4263	38.6780
ES	Spain	40.3213	-3.6181
ET	Ethiopia	8.6511	39.5388
FI	Finland	64.3588	26.1737
FJ	Fiji	-16.3764	11.5900
FK	Falkland Islands	-51.7123	-59.4182
FM	Micronesia	6.9248	158.1611
FO	Faroe Islands	62.0097	-6.7716
FR	France	46.5596	2.3422
GA	Gabon	-0.6470	11.6863
GB	United Kingdom	53.8030	-2.6199
GD	Grenada	12.0529	-61.7523
GE	Georgia	42.1595	43.4872
GF	French Guiana	4.9381	-52.3346
GG	Guernsey	49.4598	-2.5353
GH	Ghana	7.9279	-1.2367
GI	Gibraltar	36.1447	-5.3526
GL	Greenland	73.7567	-41.4211
GM	Gambia	13.4754	-15.4322
GN	Guinea	10.4478	-11.0588
GP	Guadeloupe	16.2730	-61.5051
GQ	Equatorial Guinea	1.6463	10.3655
GR	Greece	39.3294	22.5545
GS	South Georgia and the South Sandwich Islands	-54.2811	-36.5092
GT	Guatemala	15.6990	-90.3645
GU	Guam	13.5178	144.8391
GW	Guinea-Bissau	12.0230	-15.1105
GY	Guyana	4.7893	-58.9616
HK	Hong Kong	22.2783	114.1747
HN	Honduras	14.8224	-86.5892
HR	Croatia	45.0083	16.5659
HT	Haiti	18.9001	-72.6566
HU	Hungary	47.1956	19.3515
ID	Indonesia	-0.2543	114.0032
IE	Ireland	53.1718	-8.0122
IL	Israel	31.4838	35.0012
IM	Isle of Man	54.1500	-4.4833
IN	India	22.8726	79.4584
IQ	Iraq	33.0196	43.7556
IR	Iran	32.4731	54.3019
IS	Iceland	65.0638	-18.7614
IT	Italy	43.4313	12.2694
JE	Jersey	49.1880	-2.1049
JM	Jamaica	18.1377	-77.3244
JO	Jordan	31.2419	36.7728
JP	Japan	35.9924	136.7809
KE	Kenya	0.5958	37.7812
KG	Kyrgyzstan	41.4996	74.6034
KH	Cambodia	12.6842	104.8700
KI	Kiribati	1.3278	172.9770
KM	Comoros	-11.7022	43.2551
KN	Saint Kitts and Nevis	17.2955	-62.7250
KP	North Korea	40.1320	127.1391
KR	South Korea	36.4223	127.8117
KW	Kuwait	29.3072	47.5998
KY	Cayman Islands	19.2866	-81.3744
KZ	Kazakhstan	48.0827	67.2135
LA	Laos	18.4405	103.7368
LB	Lebanon	33.9108	35.8699
LC	Saint Lucia	14.0667	-60.9500
LI	Liechtenstein	47.1415	9.5215
LK	Sri Lanka	7.7010	80.6635
LR	Liberia	6.4308	-9.4097
LS	Lesotho	-29.6246	28.1700
LT	Lithuania	55.2784	23.8826
LU	Luxembourg	49.7650	5.9662
LV	Latvia	56.8035	24.8343
LY	Libya	26.9748	17.9803
MA	Morocco	29.8434	-8.4966
MC	Monaco	43.7372	7.4215
MD	Moldova	47.1980	28.4130
ME	Montenegro	42.7877	19.2856
MF	Saint Martin	18.0682	-63.0830
MG	Madagascar	-19.3425	46.6772
MH	Marshall Islands	7.0897	171.3803
MK	North Macedonia	41.6047	21.6968
ML	Mali	17.2548	-3.5535
MM	Myanmar	20.9988	96.4444
MN	Mongolia	46.7715	102.9371
MO	Macao	22.2006	113.5461
MP	Northern Mariana Islands	15.2123	145.7545
MQ	Martinique	14.6037	-61.0742
MR	Mauritania	20.1972	-10.3272
MS	Montserrat	16.7918	-62.2106
MT	Malta	35.9506	14.4156
MU	Mauritius	-20.1619	57.4989
MV	Maldives	4.1752	73.5092
MW	Malawi	-13.1696	34.1853
MX	Mexico	23.8950	-102.3619
MY	Malaysia	3.5479	114.6596
MZ	Mozambique	-17.2119	35.4631
NA	Namibia	-22.0812	17.1419
NC	New Caledonia	-21.2609	165.5294
NE	Niger	17.3374	9.3077
NF	Norfolk Island	-29.0546	167.9663
NG	Nigeria	9.5453	7.9908
NI	Nicaragua	12.8479	-85.0164
NL	The Netherlands	52.2926	5.5071
NO	Norway	64.2072	13.5728
NP	Nepal	28.2371	84.0176
NR	Nauru	-0.5508	166.9252
NU	Niue	-19.0529	-169.9196
NZ	New Zealand	-43.9639	170.5146
OM	Oman	20.5755	56.0772
PA	Panama	8.5298	-80.1083
PE	Peru	-9.1822	-74.3326
PF	French Polynesia	-17.5593	-149.6035
PG	Papua New Guinea	-6.6429	144.2997
PH	Philippines	15.7497	121.5303
PK	Pakistan	29.9357	69.3130
PL	Poland	52.1223	19.3211
PM	Saint Pierre and Miquelon	46.7791	-56.1773
PN	Pitcairn	-25.0660	-130.1015
PR	Puerto Rico	18.2374	-66.4789
PS	Palestinian Territory	31.9402	35.2728
PT	Portugal	39.6204	-8.0565
PW	Palau	7.5008	134.6238
PY	Paraguay	-23.2404	-58.3862
QA	Qatar	25.3216	51.1834
RE	Reunion	-20.8823	55.4504
RO	Romania	45.8442	24.9451
RS	Serbia	44.2253	20.8248
RU	Russia	55.2071	176.4781
RW	Rwanda	-2.0137	29.9183
SA	Saudi Arabia	24.0971	44.5223
SB	Solomon Islands	-7.9021	159.1029
SC	Seychelles	-4.6200	55.4550
SD	Sudan	15.9799	29.8366
SE	Sweden	62.5695	16.4077
SG	Singapore	1.2897	103.8501
SH	Saint Helena	-15.9249	-5.7182
SI	Slovenia	46.1243	14.9367
SJ	Svalbard and Jan Mayen	78.2233	15.6469
SK	Slovakia	48.7249	19.5035
SL	Sierra Leone	8.5305	-11.7949
SM	San Marino	43.9367	12.4464
SN	Senegal	14.3534	-14.5081
SO	Somalia	4.7485	45.6962
SR	Suriname	4.1201	-55.9085
SS	South Sudan	7.2918	30.1945
ST	Sao Tome and Principe	0.3376	6.7299
SV	El Salvador	13.7257	-88.8720
SX	Sint Maarten	18.0260	-63.0458
SY	Syria	35.0066	38.5342
SZ	Eswatini	-26.4900	31.3949
TC	Turks and Caicos Islands	21.7825	-72.2521
TD	Chad	15.3155	18.5655
TF	French Southern Territories	-49.3054	69.5308
TG	Togo	8.4384	0.9969
TH	Thailand	15.0086	100.9504
TJ	Tajikistan	38.5783	71.0349
TL	Timor Leste	-8.7674	125.9664
TM	Turkmenistan	39.0743	59.2910
TN	Tunisia	34.1603	9.5344
TO	Tonga	-21.1368	-175.2011
TR	Turkey	38.9781	35.3817
TT	Trinidad and Tobago	10.4284	-61.3310
TV	Tuvalu	-8.5243	179.1942
TW	Taiwan	23.7414	120.9691
TZ	Tanzania	-6.2557	34.7382
UA	Ukraine	49.1219	31.2488
UG	Uganda	1.2954	32.3547
US	United States	39.3076	-98.7532
UY	Uruguay	-32.7758	-56.0008
UZ	Uzbekistan	41.7228	63.2438
VA	Vatican	41.9027	12.4541
VC	Saint Vincent and the Grenadines	13.1553	-61.2274
VE	Venezuela	7.1603	-66.1422
VG	British Virgin Islands	18.4269	-64.6208
VI	U.S. Virgin Islands	17.7275	-64.7470
VN	Vietnam	16.6379	106.1870
VU	Vanuatu	-15.2234	166.9063
WF	Wallis and Futuna	-13.2816	-176.1745
WS	Samoa	-13.8333	-171.7667
XK	Kosovo	42.6727	21.1669
YE	Yemen	15.9114	47.5248
YT	Mayotte	-12.7823	45.2288
ZA	South Africa	-28.9377	25.1374
ZM	Zambia	-13.3914	27.7284
ZW	Zimbabwe	-18.9041	29.7843
